品牌,目标消费群体,分类
香影,25-45岁,女装
香蕉宝贝,21-35岁,女装
ik,25~35岁,女装
wonderfulbeauty,23—38,女装
意澳,25-45,女装
马克华菲,25-35,女装
...minette,26-40岁,女装
唯简尚,18-35岁,女装
3ffusive,30-45,女装
KENNY,20-50,女装
迪奥,25-48,女装
乔帛,25-40岁,女装
淑女日记,18-38,女装
D2M,28-40,女装
戴莉格琳,20-38,女装
吉曦,26-40岁,女装
今日主播,25-48岁,女装
Three d,18-38,女装
T&W,26-40岁,女装
ECA,25-48岁,女装
艾米,18-45,女装
钡禾,20-45,女装
百图,26-40岁,女装
回甘,26-40岁,女装
依路佑妮,20-38岁,女装
夏姿绮,25-45岁,女装
ANOTHER ONE,25-45岁,女装
迪笛欧,25-35岁,女装
衣肖秀,18-55岁,女装
TINOCA,,女装
可姿伊,20-45,女装
布莎卡,25-45,女装
雅奴天使,18-35岁,女装
卡索,26-40岁,女装
讴歌德,20-45岁,女装
酷芭芭,18-28岁,女装
迪丝爱尔,26-45岁,女装
YDG,20-40岁,女装
芝麻e柜,20-40岁,女装
着秀,不限,女装
卡茵琪,大众群体,女装
MYMO,22-40,女装
YLZ1978,28-45,女装
卡尔诺,18-38岁,女装
奥伦提,20-38,女装
楚阁,25-40岁,女装
蓝缇儿,22-35岁,女装
吉米赛欧,26-40岁,女装
音非,25-40,女装
底色,28-45,女装
彤欣格,18-45岁,女装
红贝缇,25-40,女装
佧茜文,28-35,女装
欧米媞,18-45岁,女装
尚约,26-40岁,女装
画而诗,28-45岁,女装
凯伦诗,26-40岁,女装
丽芮,22-38,女装
西蔻,23-38岁,女装
韩菲斯,20-45,女装
速品,20-35,女装
夺宝奇兵,20-46,女装
艾丽哲,18-40,女装
莎斯莱思,26-40岁,女装
凡恩,20-40岁,女装
约布,28-58,女装
武汉惠品,不限,女装
欧出色,18-40,女装
迪斯廷凯,25-45岁,女装
艺域,25-45岁,女装
格蕾斯,20-45岁,女装
爱客,25-35岁女性,女装
玳莎,不限,女装
主提,25-40,女装
丽比多,35-45岁,女装
衣佰芬,20-40岁,女装
爱为,25-45岁,女装
37度LOVE,26-40岁,女装
必芙丽,18-55岁,女装
允硕,26-40岁,女装
布卡拉,20-35岁,女装
衣魅人,18-50,女装
司合伊,18-50岁,女装
CH-21,18-40岁,女装
都市衣柜,22-45岁,女装
时尚自由点,20-35,女装
YES,18-38岁,女装
ZIMMUR,23-40,女装
阿莱贝琳,22-58岁,女装
维娜,38-58岁,女装
玛斯卓拉,25-50 岁,女装
衣秀维妮,25-45岁,女装
经典故事,28-45岁,女装
丹诗格尔,26-40岁,女装
衬茉,18-50岁,女装
丹妮丽人,18-35,女装
青花语,18-35,女装
游悦,26-40岁,女装
JHV,18-40,女装
丹缇施,20-40,女装
依丁可唯,26-40岁,女装
艾露伊,25-35岁,女装
卡缇国际,不限,女装
尚科莫,,女装
创迎服饰,26-40岁,女装
艺格,26-40岁,女装
OMUCHOY,26-40岁,女装
宝姿 ,26-40岁,女装
来尔佳昵,26-40岁,女装
蔻拉,30-40岁,女装
HURST,26-40岁,女装
一城画一,26-40岁,女装
咔咔图,26-40岁,女装
她奈,19-25岁,女装
拉格蓓芮,26-40岁,女装
富甲坊,26-40岁,女装
绘事后素,25-40岁,女装
丹佛蒂欧,20-40岁,女装
友金普惠,25--55岁,女装
摩兰度,18-38岁,女装
珈哒,20-35岁,女装
Connie&co,20-40岁,女装
俏帛,26-40岁,女装
适时雅集,30-50,女装
纯粹,25-45,女装
依然秀,18-35,女装
carmen,26-40岁,女装
冰格贝尔,20-40岁,女装
织幻,20-45岁,女装
PUCCA,18-38,女装
贝尼娜菲,20-38岁,女装
朵诗妮,18-40岁,女装
阿琴e库,26-40岁,女装
卡嘉茜,25-45岁,女装
卡漫拉,18-28岁,女装
水映,20-45岁,女装
绽然,25-40岁,女装
解构,22-38岁,女装
达拉达,22-38岁,女装
雅风轩,20-35岁,女装
AMCTEN,26-40岁,女装
古着花色,25-45岁,女装
婉姿,18-30岁,女装
东琳,20-45岁,女装
芮色,25-45岁,女装
Q.R&Kcast,19-25岁,女装
凝素,26-40岁,女装
绮籽,25-35,女装
蒙妮尔,38-58岁,女装
雅迪奥尔,26-40岁,女装
薇妮兰,25-45岁,女装
彩衫,25-40,女装
迦堤,26-40岁,女装
季索,26-40岁,女装
蓝色倾情,25-45岁,女装
卡瑟蒂,18-50,女装
沫黎,25-45岁,女装
华姿韵,25-45岁,女装
黑白伊人,18-30岁,女装
维曼缇,25-38,女装
蒙迪爱尔,35-45,女装
ANNA ,26-40岁,女装
WW.JS.DEER,18-40,女装
百吉丽,26-40岁,女装
道内,28-38岁,女装
布景,18-55岁,女装
萨达纳,18-25岁,女装
温莎蒂,26-40岁,女装
花禅,26-40岁,女装
衡韵雅序,25-45岁,女装
然可时,19-25岁,女装
水润天青,26-40岁,女装
水墨生香,26-40岁,女装
迪索怡,25—55岁,女装
凯·芬梵妮,26-40岁,女装
城市衣柜,18-35岁,女装
宝贝玛丽,26-40岁,女装
欧尚恒美,23-35,女装
麻蚕禅,25-35,女装
依伽依佳,30-48岁,女装
美丽魅力,26-40岁,女装
TITI,26-40岁,女装
斯妲黛莎,20-45岁,女装
雷索思,25-38岁,女装
屿思,26-40岁,女装
伊楠,26-40岁,女装
唯媚,26-40岁,女装
廿四花信,26-40岁,女装
樊羽,26-40岁,女装
子品手则,26-40岁,女装
Abun,20-35,女装
可媚,20-45岁,女装
知彩,26-40岁,女装
艺蔓,25-45岁,女装
色弋瑞,25-45岁,女装
悠媤莉 ,26-40岁,女装
 STEVE&VIVIAN ,26-40岁,女装
柯妮丝麗,25-45,女装
莉雅莉萨,18-35岁,女装
無索,25-45,女装
独一无二,26-40岁,女装
亮点国际,26-40岁,女装
丽莎丽莎,26-40岁,女装
ZH , L.15,20-40岁,女装
思慕缇,26-40岁,女装
逆转女王,25-40岁,女装
与凤齐美,26-40岁,女装
王华忠,26-40岁,女装
A-lin,26-40岁,女装
东又西,26-40岁,女装
米施卡,26-40岁,女装
天悦,26-40岁,女装
有無,26-40岁,女装
女子卉色,25-45,女装
REICO HSU,26-40岁,女装
五色五图,26-40岁,女装
曦然,25-35岁,女装
娜子崔,26-40岁,女装
千面丽人,25-45岁,女装
奔狐,28-38岁,女装
爱佛斯,26-40岁,女装
一本衣物,26-40岁,女装
湘衣铭,25-45岁,女装
保时霓,25-50,女装
TIKVAH,26-40岁,女装
theclizy,20-38,女装
龙凤饰锦,25-55,女装
梦菲雪,25-35岁,女装
衣心衫藏,26-40岁,女装
斯珈妮,22-45,女装
衣魔得思,26-40岁,女装
SN,26-40岁,女装
艾哲淑女装,26-40岁,女装
BANNA BANNA,26-40岁,女装
曼柏优妮,26-40岁,女装
木棉道,22-50,女装
戴芙琳,25-35,女装
e.15,30-40岁,女装
异,28-38,女装
衣香芳苑,26-40岁,女装
蔓诺蒂,25-35,女装
卓茜雅,25-38,女装
禾佃,22~38,女装
艾芘卡,26-40岁,女装
MISSTHEA,20-30岁,女装
芭藜衣都,26-40岁,女装
江南人家折扣女装,26-40岁,女装
弗卡,25-45岁,女装
席薇亚,26-40岁,女装
简单主题,26-40岁,女装
莎尔依,26-40岁,女装
roberto cavalli ,26-40岁,女装
st john,26-40岁,女装
简单主题,26-40岁,女装
莎尔依,26-40岁,女装
索兰迪,26-40岁,女装
葛来娣,不限,女装
第一页,26-40岁,女装
素魅,26-40岁,女装
蜜诗格,26-40岁,女装
玛拉斐尔,26-40岁,女装
南茜·高,26-40岁,女装
Jamor女装,26-40岁,女装
春晗,26-40岁,女装
出格,20-38岁,女装
埃玛诺,28-45岁,女装
I LOVE PRETTY,26-40岁,女装
卡琦依,26-40岁,女装
梵瑞妮,26-40岁,女装
觅可国际,26-40岁,女装
莱瑾,26-40岁,女装
艾迪雅兰仕,26-40岁,女装
他她选择,26-40岁,女装
金粉名裳,28-38岁,女装
婉亦,25-45岁,女装
伊雨菲,26-40岁,女装
韦珂,26-40岁,女装
卡卡西恋,19-25岁,女装
相夫·益子,35-55岁,女装
梦莎奴,28-45,女装
FULLTEAM,26-40岁,女装
艾丽莎,18-35岁,女装
VOSMEL,25-40,女装
冰晶怡人,26-40岁,女装
帝伦奴那,26-40岁,女装
目上,26-40岁,女装
艾尔丽斯,26-40岁,女装
小妖闺蜜,26-40岁,女装
呵玛瑛,26-40岁,女装
维斯提诺,25-35,女装
集韩号,18-38岁,女装
艺梦来,26-40岁,女装
朝峰时尚女装,30-45,女装
沈梦云,26-40岁,女装
歌蒂诗,30-50岁,女装
欧爱莎,26-40岁,女装
墨曲,25-45岁,女装
LEVYNA,26-40岁,女装
优娜,26-40岁,女装
奈茜,20-45,女装
SMOKY JANE,26-40岁,女装
米兰登,35-50岁,女装
佰佧丽,20-40岁,女装
伊思君凯,25-35岁,女装
言语天堂,26-40岁,女装
花木马,18-28岁,女装
伟伦,26-40岁,女装
文墨,19-25岁,女装
音调,26-40岁,女装
夏丝,22-38岁,女装
翩翩女孩-隽,26-40岁,女装
耶丽雅,26-40岁,女装
COCOLATTE,26-40岁,女装
璱妠,26-40岁,女装
优都衣客,19-25岁,女装
依库,18-40,女装
微耳幔,20-30,女装
一冉,25-40岁,女装
呵唯,22-30岁,女装
菲尔娅奇,26-40岁,女装
赫梵茜,25-38岁,女装
太平鸟,25-35岁,女装
伯妮斯茵,30-45岁,女装
YDCOV,26-40岁,女装
戈莱薇,26-40岁,女装
兰卡芙,25-45岁,女装
法拉鸣歌,25-45岁,女装
玛仙娜,26-40岁,女装
玛玮丝,25-38,女装
希诗蔻,19-25岁,女装
貌魅,26-40岁,女装
阿施莲,26-40岁,女装
乐菲摩登,26-40岁,女装
1% MY ONE PERCENT,18-38岁,女装
DNCY,20-35,女装
露蜜,26-40岁,女装
紫蒂菲儿,26-40岁,女装
拉莎芮,28-45,女装
淑女屋,16-36岁,女装
DECLASSIE,28-40岁,女装
优洛可,25-35岁,女装
IISU,0-3岁,女装
奥拉摩达,26-40岁,女装
骄傲名甸,18-35岁,女装
卓多姿,20-38岁,女装
衣讯,26-40岁,女装
伊菲尚,25-40,女装
墨一,26-40岁,女装
玛丝爱汀,26-40岁,女装
蜜丝珍妮,26-40岁,女装
歌宝,25—35岁,女装
迪卡轩品牌女装,26-40岁,女装
利高,26-40岁,女装
斯尚,25~35岁,女装
夏丝优雅女装,22-38岁,女装
阿唯得,18-35岁,女装
苏泽尔诺,25-35,女装
翌葳,18-25岁,女装
宝尔菲特,26-40岁,女装
洛克空间,25-35岁,女装
衣索,28-35岁,女装
Lily,26-40岁,女装
赫尔本,26-40岁,女装
黎哇哇,26-40岁,女装
嫣然秀坊,19-25岁,女装
艾购尚品,20-40岁,女装
唯一,25-45岁,女装
苡米菈,25-45岁,女装
睐,25-45岁,女装
茜茜沃,26-40岁,女装
弄影,20-35岁,女装
诺可颜,26-40岁,女装
月眉湾,20-40岁,女装
K.纯依秀,18-35岁,女装
涵朋情缘,18-45岁,女装
威恩诗,26-40岁,女装
文果怡彩,25-48岁,女装
白筱雅,26-40岁,女装
维爱娜,26-40岁,女装
红先生,25-38岁,女装
无用,26-40岁,女装
芭依璐,18-35岁,女装
葆斯奴,26-40岁,女装
AZ国际名品,26-40岁,女装
可为时尚女装,25-35岁,女装
时尚年代,25-35岁,女装
玛泰迩,25-35岁,女装
陶,26-40岁,女装
香莎,30-50岁,女装
诗曼可,26-40岁,女装
UMSK,25-35岁,女装
Disiaier,26-40岁,女装
伊比莎,26-40岁,女装
衣衫衣饰,26-40岁,女装
芬梵尼.瑟琳,26-40岁,女装
翩翩女孩,26-40岁,女装
丹比奴皮具,26-40岁,女装
赑琪,26-40岁,女装
纤莉秀,26-40岁,女装
爱莉缇纳,20-35岁,女装
西子印象,20-45岁,女装
简爱,26-40岁,女装
悦姿,26-40岁,女装
芭莉纯,20-35岁,女装
尘色,25-45岁,女装
茜舞,25-45岁,女装
禾金,28-45岁,女装
法思琳,26-40岁,女装
塔她,25-38,女装
荻纳,22-38岁,女装
卡芙芮,25-45岁,女装
班若姿,25-35岁,女装
宗洋,25-45岁,女装
沐衣言,26-38岁,女装
安吉莎梅,20-45岁,女装
BISELENA,25-35,女装
东方颖秀,20-35岁,女装
妍琳,25-45岁,女装
孚2,26-40岁,女装
LAIDEE,28-48岁,女装
维斯凯,26-40岁,女装
渝都.国际,22-45岁,女装
月笑纱,25-35岁,女装
歌塔希,25-38岁,女装
茵符,18-28岁,女装
偶莉,19-25岁,女装
吉杰欧缇,20-30岁,女装
蒙蝶,25-50岁,女装
阿玛施,25-45岁,女装
雪蔻时尚女装,25-35岁,女装
爱博·琼斯,26-40岁,女装
贝黎,26-40岁,女装
耶丽雅时尚女装,26-40岁,女装
潮牌,19-25岁,女装
容子木,25-45岁,女装
可姿伊女装,26-40岁,女装
伊可爱,25—35岁,女装
弗曼的,0-3岁,女装
拉维莎,26-40岁,女装
7th tactus,19-38,女装
可菲雅妮,26-40岁,女装
摩卡汇,26-40岁,女装
欧品,26-40岁,女装
印象-主题,25-45岁,女装
MIE FACHION,26-40岁,女装
久景,26-40岁,女装
惊喜,26-40岁,女装
衣门雅集,26-40岁,女装
PH5,26-40岁,女装
伊妠娜,20-50岁,女装
有瘾,19-35,女装
月白,不限,女装
缇素 菲迪,26-40岁,女装
缤纷叶,不限,女装
惊意Miss人渔馡悦,19-40,女装
柏诗姬,26-40岁,女装
米芙兰,26-40岁,女装
山水雨稞,20-35,女装
博宝莉,28-38,女装
皮尔·卡丹 ,30-45岁,女装
 M'S,26-40岁,女装
韩屋里,26-40岁,女装
缀,25-36,女装
VIVA HEART,19-25岁,女装
K&CH,26-40岁,女装
茉蒽,26-40岁,女装
菂诺,26-40岁,女装
嫒嫒,19-25岁,女装
狐狸叫,26-40岁,女装
之禾,22-45,女装
玉立佳人,26-40岁,女装
NGAN,30-45岁,女装
贝银,20-40岁,女装
欧多蒂,26-40岁,女装
京巴顿,26-40岁,女装
斓蝶,26-40岁,女装
米李,26-40岁,女装
未必,19-25岁,女装
朗文,26-40岁,女装
eddaDior,26-40岁,女装
觉一,26-40岁,女装
HEMPEL,28-35,女装
NGAN,30-45岁,女装
贝银,20-40岁,女装
欧多蒂,26-40岁,女装
京巴顿,26-40岁,女装
斓蝶,26-40岁,女装
米李,26-40岁,女装
斐凡妮,26-40岁,女装
莱芙·艾迪儿,26-40岁,女装
非牌,26-40岁,女装
木美,28-45岁,女装
卡蒂,28—38岁,女装
dilunnuna,26-40岁,女装
萝芘,22-45,女装
吉之岛,26-40岁,女装
然彩,26-40岁,女装
莱尔欧妃,28-45岁,女装
卡伊简爱,26-40岁,女装
布千,19-25岁,女装
迪卡轩女装,25-35岁,女装
爱诗帛雅,18—45岁,女装
奥薇纳,26-40岁,女装
芙瑞丽,22-35岁,女装
维莎曼,26-40岁,女装
缇蕾娜,26-40岁,女装
艾蔻姗,28-45岁,女装
搜友,20-35岁,女装
米瑞,30-55岁,女装
薇娃惟斯时尚女装,28-35岁,女装
月白,不限,女装
缇素 菲迪,26-40岁,女装
缤纷叶,不限,女装
惊意Miss人渔馡悦,19-40,女装
柏诗姬,26-40岁,女装
米芙兰,26-40岁,女装
山水雨稞,20-35,女装
博宝莉,28-38,女装
皮尔·卡丹 ,30-45岁,女装
雨珊,25-38,女装
欧位,26-40岁,女装
莎米琪,26-40岁,女装
HelenModa,25-35岁,女装
祖儿,26-40岁,女装
众合麦田,26-40岁,女装
川代,26-40岁,女装
雅美瑞,20-35岁,女装
Aikamanxiu女装,25-40岁,女装
元诚,20-50岁,女装
Jaket,25-35岁,女装
艾维琪,26-40岁,女装
伊豆 莫兰,20-40岁,女装
雨希,25-38,女装
阿珍妮 歌美妮,26-40岁,女装
彩之丽,28-45,女装
傲丝度,26-40岁,女装
唯众良品,20-55,女装
蕗依,26-40岁,女装
羽沙国际,26-40岁,女装
妮莹,28-38,女装
唯美印象,25-35岁,女装
怡夕,26-40岁,女装
柏维娅,26-40岁,女装
elegant,26-40岁,女装
卓卡,28-38,女装
古琦路,26-40岁,女装
无则添,26-40岁,女装
美亚尼,26-40岁,女装
慕拉,28-38,女装
宾卡斯,18-45岁,女装
孜影,26-40岁,女装
花木语,26-40岁,女装
美众,18-34岁,女装
左右岁月,26-40岁,女装
纤亿缘,26-40岁,女装
班晓雪,26-40岁,女装
豆豆、思茵,26-40岁,女装
玮言,30-40岁,女装
水盈格,19-25岁,女装
曲歌,26-40岁,女装
斐凡妮,26-40岁,女装
莱芙·艾迪儿,26-40岁,女装
非牌,26-40岁,女装
木美,28-45岁,女装
卡蒂,28—38岁,女装
dilunnuna,26-40岁,女装
萝芘,22-45,女装
吉之岛,26-40岁,女装
然彩,26-40岁,女装
莱尔欧妃,28-45岁,女装
卡伊简爱,26-40岁,女装
布千,19-25岁,女装
迪卡轩女装,25-35岁,女装
爱诗帛雅,18—45岁,女装
奥薇纳,26-40岁,女装
芙瑞丽,22-35岁,女装
名熙,26-40岁,女装
花开了花开了,26-40岁,女装
莲丝芙、慕斐尔 诗萌蒂,26-40岁,女装
著拓,26-40岁,女装
英诗黛,26-40岁,女装
依诗嫚,26-40岁,女装
湘扬,26-40岁,女装
Emiyu,20-35岁,女装
M2midec,25-35岁,女装
艾诺丝.雅诗,26-40岁,女装
白翎风采,30-40岁,女装
我爱露露,26-40岁,女装
欧E女装,25-45岁,女装
遇上,20-35岁,女装
佳可,28-38岁,女装
锦衣华庭,26-40岁,女装
纳帕佳,18-50岁,女装
菲常范儿,26-40岁,女装
百分之二,19-25岁,女装
玛利亚维多,28-38岁,女装
主格,26-40岁,女装
伊果,25—45岁,女装
涵意,26-40岁,女装
法国碧阳,35-55岁,女装
零库存,18-35岁,女装
比茵,25-38岁,女装
西媛,18-38岁,女装
荷比俪,25-35岁,女装
衣莎美诺,26-40岁,女装
艾米丽,25-40岁,女装
古艾思,18-40岁,女装
娅纳 ,26-40岁,女装
卡依莲,22-45岁,女装
韩璐璐,26-40岁,女装
梵凯,19-25岁,女装
易初,18-35岁,女装
朗诗逸,26-40岁,女装
菲凡,26-40岁,女装
淘概念,18-45,女装
杰胜、茜露,26-40岁,女装
黛维,26-40岁,女装
COCO,19-25岁,女装
淑女心情,26-40岁,女装
卡瓦洛,26-40岁,女装
阁兰秀,26-40岁,女装
妃格莱儿,26-40岁,女装
艾迪莱恩,26-40岁,女装
威恩诗，曼迪菲,26-40岁,女装
印象工坊,26-40岁,女装
依迪索,26-40岁,女装
路卡西,26-40岁,女装
淿素,25-40岁,女装
欧柏帝姿,35-45,女装
玛可凯恩,26-40岁,女装
A.E.NICE,26-40岁,女装
艾莉婕,26-40岁,女装
郁香菲,不限,女装
丽约尔,20-35岁,女装
祥和鸟,26-40岁,女装
柏雪艾儿,26-40岁,女装
微格,26-40岁,女装
法薇雅,35-45,女装
名熙,26-40岁,女装
花开了花开了,26-40岁,女装
莲丝芙、慕斐尔 诗萌蒂,26-40岁,女装
著拓,26-40岁,女装
英诗黛,26-40岁,女装
依诗嫚,26-40岁,女装
湘扬,26-40岁,女装
Emiyu,20-35岁,女装
M2midec,25-35岁,女装
薇娃惟斯时尚女装,28-35岁,女装
Tulip taste,不限,女装
泰妮贝儿,18-35岁,女装
瑞琦玛雅,26-40岁,女装
卓姿·乔雅,26-40岁,女装
米巴纽,26-40岁,女装
艾诺丝.雅诗,26-40岁,女装
白翎风采,30-40岁,女装
我爱露露,26-40岁,女装
欧E女装,25-45岁,女装
遇上,20-35岁,女装
佳可,28-38岁,女装
锦衣华庭,26-40岁,女装
纳帕佳,18-50岁,女装
菲常范儿,26-40岁,女装
百分之二,19-25岁,女装
玛利亚维多,28-38岁,女装
主格,26-40岁,女装
伊果,25—45岁,女装
涵意,26-40岁,女装
法国碧阳,35-55岁,女装
零库存,18-35岁,女装
歌诗菲,26-40岁,女装
NILICO,19-25岁,女装
奔霓诗,26-40岁,女装
墙外,19-25岁,女装
梦依莲,26-40岁,女装
由己,26-40岁,女装
贝茜妮,22-45,女装
亿丽黛,25-45岁,女装
黛尔娜,26-40岁,女装
BESBE,26-40岁,女装
iROO,26-40岁,女装
千葵,26-40岁,女装
卡尼欧,19-25岁,女装
果果,19-25岁,女装
你是你,26-40岁,女装
NANCY K,19-25岁,女装
薇欧拉,26-40岁,女装
Doxa,26-40岁,女装
云凤思儒,26-40岁,女装
Carries Dandy,26-40岁,女装
裘堤诺,26-40岁,女装
evona,26-40岁,女装
 M'S,26-40岁,女装
韩屋里,26-40岁,女装
缀,25-36,女装
VIVA HEART,19-25岁,女装
K&CH,26-40岁,女装
茉蒽,26-40岁,女装
菂诺,26-40岁,女装
嫒嫒,19-25岁,女装
狐狸叫,26-40岁,女装
之禾,22-45,女装
玉立佳人,26-40岁,女装
NGAN,30-45岁,女装
贝银,20-40岁,女装
欧多蒂,26-40岁,女装
京巴顿,26-40岁,女装
斓蝶,26-40岁,女装
米李,26-40岁,女装
韩国可可,26-40岁,女装
艾笛纳,26-40岁,女装
Z11,22-35,女装
瑞芙伍玆,,女装
玛丹,26-40岁,女装
飚美,25-38岁,女装
曼迪菲迩,26-40岁,女装
ILOVEPRETTY,26-40岁,女装
西柚,28-45,女装
玛丝欧娜,26-40岁,女装
樱子亮金,26-40岁,女装
卡芭娜,26-40岁,女装
古姿语,26-40岁,女装
简奥,25-38岁,女装
艾诺丝·雅诗,26-40岁,女装
佳柔恋云,26-40岁,女装
CRZ,19-25岁,女装
伊慕,26-40岁,女装
马克华菲女装,19-25岁,女装
BR,不限,女装
麦购迩,26-40岁,女装
品智,26-40岁,女装
非常物语,19-25岁,女装
曼茜纱,26-40岁,女装
黛英,26-40岁,女装
百丝,20-35,女装
秀亦,26-40岁,女装
碧阳,35-55,女装
玛可曼可,26-40岁,女装
斯浓,26-40岁,女装
卖兜兜时尚,19-25岁,女装
HELENLEE,26-40岁,女装
珞莎琳,19-25岁,女装
爱莫,18-35,女装
卡布依,22-35,女装
坤斯朵丽,坤斯朵丽25-45岁  爱特蓝斯20-35岁,女装
誉相服饰,26-40岁,女装
丝考,26-40岁,女装
幻走,25-35岁,女装
多丽琦,不限,女装
特来壹美,25-45,女装
幸运四叶草,不限,女装
依步达,19-25岁,女装
蜜西娅,18-40,女装
丝格丽,26-40岁,女装
邢氏,26-40岁,女装
领姿,26-40岁,女装
娇鼎,26-40岁,女装
岱熹,26-40岁,女装
MEIFAN,26-40岁,女装
苏昔,26-40岁,女装
摩妮•卡儿,26-40岁,女装
妙采,26-40岁,女装
圣妮思,26-40岁,女装
陶玉梅,26-40岁,女装
梦至超,26-40岁,女装
妈妈和我,26-40岁,女装
缇丝丹,26-40岁,女装
琪泺,26-40岁,女装
圣加,不限,女装
恩灵,26-40岁,女装
布衣斋,26-40岁,女装
茜蒙诗,26-40岁,女装
Theme,25-35岁,女装
湘诺,18-40岁,女装
蒙美斯,26-40岁,女装
吉芬,26-40岁,女装
金潮连思,26-40岁,女装
蔡美月,26-40岁,女装
贝妮芭特,26-40岁,女装
绮丽,26-40岁,女装
红袖,25-35,女装
VERO MODA,26-40岁,女装
安娜丽丝,26-40岁,女装
名莎,26-40岁,女装
诸氏方圆,26-40岁,女装
梦芭莎,26-40岁,女装
玫瑰黛薇,26-40岁,女装
谜底,19-25岁,女装
雅莹,26-40岁,女装
威兰西,26-40岁,女装
亚达,不限,女装
雅莹,20-35,女装
格格,26-40岁,女装
思凡,26-40岁,女装
六甲村,26-40岁,女装
播,26-40岁,女装
欧莎,26-40岁,女装
舒朗,25-45岁,女装
ONLY,26-40岁,女装
ROUGE BY MR.RED,26-40岁,女装
琳娜希曼朵,26-40岁,女装
拉芙妮,26-40岁,女装
莱姿,26-40岁,女装
卡迪黛尔,26-40岁,女装
娜璐多,18-35,女装
倪迩麦,26-40岁,女装
依瑶,26-40岁,女装
酷酷,26-40岁,女装
欧碧倩,26-40岁,女装
朵拉芭娜,26-40岁,女装
奥菲曼,30-40,女装
艾奈尔,26-40岁,女装
23区,不限,女装
凡诗可,26-40岁,女装
伊娜薇,28-45岁,女装
爱泊蕾,26-40岁,女装
A领,26-40岁,女装
阿桑娜,26-40岁,女装
a.y.k,26-40岁,女装
艾思德妮 ,26-40岁,女装
艾慧嘉尔,26-40岁,女装
阿陀力,25-38,女装
a立方女装,19-25岁,女装
娅莉婕,23-45,女装
艾哲,26-40岁,女装
卡雷尔,26-40岁,女装
快乐屋,26-40岁,女装
TH2011,20-35,女装
恩瑞妮,26-40岁,女装
米兰朵,26-40岁,女装
38周,26-40岁,女装
MANO,19-25岁,女装
君心,26-40岁,女装
时尚轩,26-40岁,女装
乔万尼,30-50岁,女装
佐尔美,26-40岁,女装
元田树,26-40岁,女装
金嘉德,26-40岁,女装
千百惠,20-40,女装
布根香,26-40岁,女装
坦博尔,不限,女装
太平鸟,26-40岁,女装
乐町,16-28,女装
纳纹,20-38,女装
江南布衣,26-40岁,女装
爱博尔,26-40岁,女装
蓝冰,19-25岁,女装
百芙伦,26-40岁,女装
千仞岗,0-3岁,女装
生活秀,19-25岁,女装
芙蓉天使,26-40岁,女装
玛莉梦娜,不限,女装
歌薇网,20-45,女装
非粼,18-45,女装
茜茜.沃,28-40,女装
ME&CITY,26-40岁,女装
菲妮迪,26-40岁,女装
瑞琦,26-40岁,女装
歌力思,26-40岁,女装
艾米索,26-40岁,女装
雅威,26-40岁,女装
播秀,25-33,女装
裙皇·可人儿,25-45,女装
独角马,19-25岁,女装
可为,26-40岁,女装
瑞玫尔,22-38,女装
爱慕说,26-40岁,女装
格子廊,26-40岁,女装
欧卡桑,26-40岁,女装
ik时尚女装,20-38,女装
雅淑,30-45,女装
碧可,26-40岁,女装
夏蔻,26-40岁,女装
衣典、零典,19-25岁,女装
名诗媛,26-40岁,女装
尤加迪曼,18-45,女装
a.y.k,26-40岁,女装
天纳吉儿,28-45,女装
俪思、红人,19-25岁,女装
雅轩菲格,22-42岁,女装
指间沙,26-46岁,女装
奥扉,26-40岁,女装
埃文,25-45岁,女装
冰魔,26-40岁,女装
昕念,18-45岁,女装
欧力嘉,26-40岁,女装
cn,26-40岁,女装
登凯瑞,26-40岁,女装
简画,26-40岁,女装
玫而美,28-55岁,女装
黧姿,26-40岁,女装
啪歌,26-40岁,女装
凯迪·米拉,23-33,女装
依维妮,28-45岁,女装
千细,26-40岁,女装
姚领,28-45岁,女装
蔓延,26-40岁,女装
思媚秀,22-38岁,女装
巧帛,26-40岁,女装
古色,28-40岁,女装
萨玛莉丹,26-40岁,女装
月亮人,26-40岁,女装
新丝路,26-40岁,女装
浪之醉,26-40岁,女装
杉杉,25-45岁,男装
卡度尼,28-45 ,男装
傲物尚品,26-40岁,男装
HS男装,18-35岁,男装
金甲,25-35,男装
罗蒙,22-55,男装
添多利,25-55岁,男装
袋鼠,25-45岁,男装
啄木鸟,30-45岁,男装
法拉狄奥,26-40岁,男装
希特,18-40,男装
劳夫罗伦,26-40岁,男装
线锁,28-40岁,男装
诺奇,26-40岁,男装
佐纳利,20-40,男装
欧森朗,26-40岁,男装
莎斯莱思,26-40岁,男装
富绅,26-40岁,男装
唐束,20-45,男装
意树,25-50岁,男装
新升流派,20-40岁,男装
久久厘米,19-35,男装
它钴,18-45岁,男装
金利来,26-40岁,男装
凯帝龙驰,30-55岁,男装
才子,20-50,男装
昊鑫凯.德金,18-35,男装
RED.P.G,25-38岁,男装
翡翠男装,20-40,男装
迪柯顿,25-45岁,男装
绩派,26-40岁,男装
好旺世家,26-40岁,男装
意克莱斯  ,26-40岁,男装
 雨果·博斯,26-40岁,男装
博铂定制,26-40岁,男装
圣路鹰,26-40岁,男装
西霸西服,26-40岁,男装
Mt.美特华菲,19-25岁,男装
博布莱斯,不限,男装
巴鲁特,28-45,男装
佰威奇,16-40岁,男装
贝克狮丹,30-50岁,男装
JALOTAILOR,26-40岁,男装
DDY,26-40岁,男装
杰克.范 ,18-40,男装
卡丹路,26-40岁,男装
品立,23-35岁,男装
魔斗士,16-45,男装
韩臣,26-40岁,男装
富人狼,26-40岁,男装
莱柯迪奥,26-40岁,男装
卡堡龙,26-40岁,男装
沙田,25-48,男装
曼奇顿,26-40岁,男装
卡思·威尔,25-45岁,男装
易诗顿,27-45岁,男装
西先生,26-40岁,男装
史考特,19-25岁,男装
舞出我天地,25-35岁,男装
哥利文,26-40岁,男装
梵宝龙,26-40岁,男装
甲胄仕,25-45岁,男装
格里斯蒂亚诺,24-35岁,男装
宝彭,25-50岁,男装
安东尼摩拉托,26-40岁,男装
范佰,26-40岁,男装
法鲁茨,26-40岁,男装
东方波士,30-55岁,男装
奥斯浦,26-40岁,男装
林凡,30-45岁,男装
老儿头,26-40岁,男装
缇弗,26-40岁,男装
驰语,18-35岁,男装
巴迪雷恩,26-40岁,男装
格尼雷汀,26-40岁,男装
裁缝,20-45岁,男装
首家壹佰,26-40岁,男装
卡帝琼斯,25-35岁,男装
文盈,26-40岁,男装
红森林,18-40岁,男装
英邦公子,26-40岁,男装
斯密达,26-40岁,男装
勋爵,15--40岁,男装
九九良品,25-45岁,男装
华诺威时尚男装,25-45岁,男装
阿尔皮纳,28-45岁,男装
另一面,20-35岁,男装
卡拉利,30-45岁,男装
洛赛克斯,20-35岁,男装
云斯顿,26-40岁,男装
九狼王时尚男装,25-60岁,男装
99CM,18-40岁,男装
久久厘米男装,23-38岁,男装
保罗.简依,20-40岁,男装
翡翠,30-45岁,男装
傑思梵,30-45岁,男装
卡格莱曼,26-40岁,男装
威曼,25-35岁,男装
尚印象,26-40岁,男装
柏朴,26-40岁,男装
乾坤马,25-45岁,男装
波士恩爵,28-45岁,男装
域帝文,26-40岁,男装
澳迩顿,26-40岁,男装
GULAO＆SHAYU,26-40岁,男装
佐驰,26-40岁,男装
风之涯,20-40岁,男装
金林德伯格,26-40岁,男装
积上,26-40岁,男装
龙天下,25-35岁,男装
卡古,26-40岁,男装
希德丹顿,26-40岁,男装
克莱蒙梭,26-40岁,男装
费奇赫顿,26-40岁,男装
铭民,26-40岁,男装
蒙卡奇亚,26-40岁,男装
ZUBEN,26-40岁,男装
优搜,26-40岁,男装
意派,26-40岁,男装
彼雅泊,26-40岁,男装
欧堡尼,26-40岁,男装
皮尔卡丹,不限,男装
尚科莫时尚概念店,26-40岁,男装
GRSAGA,26-40岁,男装
OWNONLY,26-40岁,男装
诺蕥,26-40岁,男装
睿锦,26-40岁,男装
漂亮先生,26-40岁,男装
伦德.保罗休闲装,26-40岁,男装
列都,26-40岁,男装
欧尼杰,26-40岁,男装
VERSINO,26-40岁,男装
PR-Ⅱ,26-40岁,男装
阿玛度,19-25岁,男装
钜立,26-40岁,男装
FUGE,26-40岁,男装
云敦至尊,26-40岁,男装
劳尔 卡迪尼,26-40岁,男装
乔斯达,26-40岁,男装
金盾,26-40岁,男装
托马斯.萨博,26-40岁,男装
缔澳菲龙,26-40岁,男装
庄爵,26-40岁,男装
里奥,26-40岁,男装
贝纳川,26-40岁,男装
爱尔尼,26-40岁,男装
亚玛朗尼,25-45岁,男装
九赛马,20-35岁,男装
九鹿·王,25-35岁,男装
约翰.费雷德,30-55岁,男装
迪奥拉,28-40岁,男装
报喜鹿,25-45岁,男装
圣埃菲蒙德,21-36岁,男装
杰泰莱,26-40岁,男装
菲利莫克,26-40岁,男装
铂珏,26-40岁,男装
索比克,25-35岁,男装
奥法罗,26-40岁,男装
蒙迪绅诺,26-40岁,男装
第一版,19-25岁,男装
sinoer,25-45,男装
纽泰,26-40岁,男装
威尼帝,26-40岁,男装
萨意达，阿斯豪，柯蒂尼,26-40岁,男装
黑柏迪亚士威,26-40岁,男装
恩吉奥,26-40岁,男装
ux5,41-60岁,男装
汉邦剪裁,26-40岁,男装
艾法利,35-45岁,男装
宾可尼罗,26-40岁,男装
先锋企鹅,30-45岁,男装
马思图,26-40岁,男装
克劳拉尔,30-35岁,男装
异形,18-38岁,男装
热度,23-38,男装
名盾,26-40岁,男装
时亦,26-40岁,男装
拉雷尼,26-40岁,男装
与狼共舞,25-35,男装
S2CITYLIFE,26-40岁,男装
gxg.1978”jeans,26-40岁,男装
卡奥莱仕,26-40岁,男装
红都,26-40岁,男装
男眼,25-35,男装
路嘉纳,26-40岁,男装
邦迪·斯顿,28-48,男装
日驰尼,26-40岁,男装
劳斯凯瑞,25-50岁,男装
欧度,26-40岁,男装
巴联,24-46,男装
平安车服饰,26-40岁,男装
迪安虎,26-40岁,男装
彼尔戈斯,26-40岁,男装
后街地带,26-40岁,男装
秋意浓,26-40岁,男装
亚宝龙,26-40岁,男装
法勃尔,26-40岁,男装
蒙荻丘,26-40岁,男装
绅士,26-40岁,男装
金皮尔斯,26-40岁,男装
浩男,26-40岁,男装
狼道,26-40岁,男装
铁狮丹顿,26-40岁,男装
拉图阿卑斯,26-40岁,男装
杰克福克斯,26-40岁,男装
汤米,26-40岁,男装
福尔莱嘉,26-40岁,男装
汤尼威尔,26-40岁,男装
杰克利奥,26-40岁,男装
斯多塞尚,26-40岁,男装
Aquamotrice,26-40岁,男装
汤尼俊士,26-40岁,男装
DIRK BIKKEMBERGS,26-40岁,男装
埃臣,26-40岁,男装
傲徒,26-40岁,男装
保多莱,26-40岁,男装
段记,不限,男装
美雨霖,26-40岁,男装
卡雷狄洛,22-45岁,男装
艾特 ,26-40岁,男装
鹿王,26-40岁,男装
死亡奇迹,26-40岁,男装
鹰鹏,26-40岁,男装
猛龙,26-40岁,男装
路易诗兰,26-40岁,男装
雷驰,30-50岁,男装
劳斯顿,26-40岁,男装
乐士,26-40岁,男装
蓝豹洋服,26-40岁,男装
爵仕堡迪,26-40岁,男装
杰胜,26-40岁,男装
斯蒂文,25-35,男装
佛伦斯,20-55岁,男装
斯杰思,26-40岁,男装
尼爵,26-40岁,男装
格罗尼雅,26-40岁,男装
莱尔巴蒂,26-40岁,男装
FANMDIS,26-40岁,男装
古芳,26-40岁,男装
分众·风尚,26-40岁,男装
卡利斯特,26-40岁,男装
格宏,26-40岁,男装
埃弛易,26-40岁,男装
卡拉利男装,26-40岁,男装
ANDZ,26-40岁,男装
堡马,26-40岁,男装
汉崇,26-40岁,男装
北纬30度,25-35岁,男装
INTREX,26-40岁,男装
大红鹰,26-40岁,男装
龙虾,26-40岁,男装
迪迪博迩,26-40岁,男装
镖王,26-40岁,男装
阿仕顿,26-40岁,男装
萨意达,26-40岁,男装
金利来金标,26-40岁,男装
澳伦多兰,26-40岁,男装
MAYOR,26-40岁,男装
GY,26-40岁,男装
旗牌王,19-25岁,男装
贝克曼,26-40岁,男装
培罗成,26-40岁,男装
圣达威,41-60岁,男装
迪克萨斯,0-3岁,男装
太平鸟,19-25岁,男装
SEASOUL,26-40岁,男装
吉牧,26-40岁,男装
能达利,26-40岁,男装
富贵鸟,30-45,男装
盖奇,26-40岁,男装
步森,26-40岁,男装
琴曼,26-40岁,男装
老K,26-40岁,男装
帝牌,26-40岁,男装
雅韵,30-50,男装
罗夫罗伦,26-40岁,男装
爵士堡迪,26-40岁,男装
名诗丹,26-40岁,男装
八零,26-40岁,男装
半百服饰,26-40岁,男装
T100,1-16,童装
童戈,1-15岁,童装
叮当猫,2-18岁,童装
JOJO,2-16岁,童装
芭乐兔,3-16岁,童装
杰米熊,1-16,童装
伊诗比蒂,0-6,童装
兔子杰罗,3-14岁,童装
卓维乐,3-12,童装
梦多多,3-12岁,童装
快乐丘比,0-15岁,童装
小马嘟嘟,0-12岁,童装
土巴兔,0-16,童装
辛芭狗,3--15岁,童装
NICKIE,3-14,童装
西瓜王子,0-16岁,童装
金果果,3-12岁,童装
铅笔俱乐部,1-14,童装
的纯,1-15岁,童装
 瑞比克,3-15,童装
小猪班纳,0-15岁,童装
嗒嘀嗒,0-15岁,童装
皇后婴儿,0-8岁,童装
泡泡噜,3-12,童装
杰米兰帝,3-13岁,童装
淘淘猫,0-16岁,童装
玛玛米雅,3-11岁,童装
蓝角兽,0-3岁,童装
泰迪熊,3-14,童装
好孩子,4-6岁,童装
巴布豆,7-12岁,童装
伊佳林,7-12岁,童装
McDonald's,4-6岁,童装
青蛙皇子,7-12岁,童装
蜜露珂娜,4-6岁,童装
家有一宝,2-12岁,童装
米其仔,7-12岁,童装
婉彤公主,7-12岁,童装
拉比,0-3岁,童装
杰米杰妮,3-12岁,童装
诗克恰,0-12岁,童装
加菲A梦,0-15岁,童装
呗吖吖,0-3岁,童装
麦吉安琪,0-14岁,童装
麦拉贝拉,0-3岁,童装
金色童年,0-14岁,童装
酷童派,3-12岁,童装
蔚雅乐,3-16岁,童装
伊善儿,0-6岁,童装
度度猫,3-12岁,童装
蓝蚁迪堡,3-12岁,童装
希比兒,4-8岁,童装
籽芽,1-16岁,童装
喔也,1-16岁,童装
爱布谷,0-6.5岁,童装
D.DaaBear,2-10岁,童装
青木童,5-14岁,童装
酷比小捍马,7-12岁,童装
小积木,0-15岁,童装
卡莱熊,0-16岁,童装
汤尼罗宾,3-10岁,童装
恋.采依,3-14岁,童装
男生女生,7-12岁,童装
蕾派,5-13岁,童装
一度童装,3-12岁,童装
班吉鹿,3-15岁,童装
澳恬,0-14岁,童装
天使舞台,26-40岁,童装
贵族童话,3-13岁,童装
富贵咪奇,0-16岁,童装
皇儿,0-10岁,童装
不可比喻,8-16岁,童装
卡曼天使,0-12岁,童装
卡特思,0-3岁,童装
汪小荷,3-12岁,童装
ANNAIER,3-12岁,童装
戴维贝拉,0-11岁,童装
卡姿果果,1-12岁,童装
幼幼娜娜,3-17岁,童装
欧克壹佰,4-6岁,童装
阿杰邦尼,7-12岁,童装
快乐丘比童装,2-16岁,童装
1号线,3-15岁,童装
西游童话,3-16岁,童装
一人出品,4-6岁,童装
玩具总动员,3-14岁,童装
阳光一族,1-6岁,童装
丑丑婴幼,0～3岁,童装
裘帛,3岁--15岁,童装
凯纳贝儿,3－12岁,童装
矇矇兔,7-12岁,童装
gretton,0-12岁,童装
倾心果,4-12岁,童装
卡伊卡娃,4-12岁,童装
星童坊,4-16岁,童装
斯踏迪,3-12岁,童装
小丹佛尔,0-4岁,童装
永兴东润,8-14岁,童装
皇后婴儿童装,4-6岁,童装
优仔优妹,3-6岁,童装
小小米,7-12岁,童装
缤果贝绮,7-12岁,童装
咪哦咪哦,7-12岁,童装
花颜巧语，西萌叮,7-12岁,童装
大黄蜂童鞋,7-12岁,童装
托奈克,0-3岁,童装
红蜻蜓童装,1-14周岁,童装
凯蒂猫 爱昵宝蒂,4-15,童装
曼丝,3-14岁,童装
乐贝.艾高,7-12岁,童装
所爱优品,0-3岁,童装
小毛虫,7-12岁,童装
巴拉巴拉,0-16,童装
力果,7-12岁,童装
安奈儿,7-12岁,童装
越位,7-15岁,童装
铅笔俱乐部童装,7-12岁,童装
帕罗索,6-16岁,童装
小熊哇噻,3-16岁,童装
凡兜,1-15岁,童装
彩虹熊,7-12岁,童装
滴滴水花,4-6岁,童装
卡特仕蒂,4-6岁,童装
尼斯兔,7-12岁,童装
蕾佳妮,2-8岁,童装
e童依派,5-15岁,童装
小犀牛,7-12岁,童装
纯色雅园,2-8岁,童装
比士尼,4-6岁,童装
迪美澳特,4-6岁,童装
巴布瑞,7-12岁,童装
童天,7-12岁,童装
亲亲安妮,4-6岁,童装
米拉果,7-12岁,童装
JACKY,0-3岁,童装
小捣蛋,0-3岁,童装
MooMoo,7-12岁,童装
耐克,7-12岁,童装
兄妹猫,7-12岁,童装
七波辉,8-16岁,童装
富罗迷,7-12岁,童装
图图,7-12岁,童装
青蛙王子,0-3岁,童装
大尾巴,7-12岁,童装
窝窝,7-12岁,童装
阿U童装,0-12岁,童装
美孩子,3-15岁,童装
皮卡泡泡,0-8,童装
马里马利,0-3岁,童装
杜比老鼠,7-12岁,童装
哈．贝比,0-3岁,童装
卡西龙,7-12岁,童装
卡丁,7-12岁,童装
WISEMI,7-12岁,童装
香柯,4-6岁,童装
爱佳乐,0-8,童装
欣薇尔,7-12岁,童装
丹尼尔,4-6岁,童装
TUC TUC,4-6岁,童装
DISNEY JEANS,7-12岁,童装
四个小伙伴,7-12岁,童装
ALFONSO,0-3岁,童装
杉杉,7-12岁,童装
因为爱,7-12岁,童装
牧童,7-12岁,童装
丽婴房,0-3岁,童装
阿路和如,0-3岁,童装
爱儿赫玛,0-3岁,童装
加菲猫,3-15岁,童装
大拇哥家族,0-3岁,童装
Armani Junior,7-12岁,童装
E彩彩图,7-12岁,童装
哇喔哇喔,0-5,童装
婴适康,0-3岁,童装
爱得利,0-3岁,童装
福瑞麟,0-3岁,童装
婴之乐,0-5,童装
小石头,0-7,童装
美贝美妈,0-3岁,童装
